{"ContentRoots":["C:\\Users\\Андрей\\source\\repos\\C#\\ItVisShop\\ItVisShop\\wwwroot\\","C:\\Users\\Андрей\\source\\repos\\C#\\ItVisShop\\ItVisShop\\obj\\Release\\net6.0\\scopedcss\\bundle\\"],"Root":{"Children":{"actual_amg.zip":{"Children":null,"Asset":{"ContentRootIndex":0,"SubPath":"actual_amg.zip"},"Patterns":null},"css":{"Children":{"admin.css":{"Children":null,"Asset":{"ContentRootIndex":0,"SubPath":"css/admin.css"},"Patterns":null},"cart.css":{"Children":null,"Asset":{"ContentRootIndex":0,"SubPath":"css/cart.css"},"Patterns":null},"details.css":{"Children":null,"Asset":{"ContentRootIndex":0,"SubPath":"css/details.css"},"Patterns":null},"index.css":{"Children":null,"Asset":{"ContentRootIndex":0,"SubPath":"css/index.css"},"Patterns":null},"main.css":{"Children":null,"Asset":{"ContentRootIndex":0,"SubPath":"css/main.css"},"Patterns":null},"order.css":{"Children":null,"Asset":{"ContentRootIndex":0,"SubPath":"css/order.css"},"Patterns":null},"products.css":{"Children":null,"Asset":{"ContentRootIndex":0,"SubPath":"css/products.css"},"Patterns":null},"responsive.css":{"Children":null,"Asset":{"ContentRootIndex":0,"SubPath":"css/responsive.css"},"Patterns":null},"review.css":{"Children":null,"Asset":{"ContentRootIndex":0,"SubPath":"css/review.css"},"Patterns":null}},"Asset":null,"Patterns":null},"favicon.ico":{"Children":null,"Asset":{"ContentRootIndex":0,"SubPath":"favicon.ico"},"Patterns":null},"img":{"Children":{"14pm_1.jpg":{"Children":null,"Asset":{"ContentRootIndex":0,"SubPath":"img/14pm_1.jpg"},"Patterns":null},"14pm_2.jpg":{"Children":null,"Asset":{"ContentRootIndex":0,"SubPath":"img/14pm_2.jpg"},"Patterns":null},"header":{"Children":{"logo.png":{"Children":null,"Asset":{"ContentRootIndex":0,"SubPath":"img/header/logo.png"},"Patterns":null}},"Asset":null,"Patterns":null},"home":{"Children":{"avds_large.jpg":{"Children":null,"Asset":{"ContentRootIndex":0,"SubPath":"img/home/avds_large.jpg"},"Patterns":null},"avds_small.jpg":{"Children":null,"Asset":{"ContentRootIndex":0,"SubPath":"img/home/avds_small.jpg"},"Patterns":null},"avds_xl.jpg":{"Children":null,"Asset":{"ContentRootIndex":0,"SubPath":"img/home/avds_xl.jpg"},"Patterns":null},"footer.jpg":{"Children":null,"Asset":{"ContentRootIndex":0,"SubPath":"img/home/footer.jpg"},"Patterns":null},"icon_1.svg":{"Children":null,"Asset":{"ContentRootIndex":0,"SubPath":"img/home/icon_1.svg"},"Patterns":null},"icon_2.svg":{"Children":null,"Asset":{"ContentRootIndex":0,"SubPath":"img/home/icon_2.svg"},"Patterns":null},"icon_3.svg":{"Children":null,"Asset":{"ContentRootIndex":0,"SubPath":"img/home/icon_3.svg"},"Patterns":null},"slider":{"Children":{"home_slider_1.jpg":{"Children":null,"Asset":{"ContentRootIndex":0,"SubPath":"img/home/slider/home_slider_1.jpg"},"Patterns":null},"home_slider_2.jpg":{"Children":null,"Asset":{"ContentRootIndex":0,"SubPath":"img/home/slider/home_slider_2.jpg"},"Patterns":null},"home_slider_3.jpg":{"Children":null,"Asset":{"ContentRootIndex":0,"SubPath":"img/home/slider/home_slider_3.jpg"},"Patterns":null}},"Asset":null,"Patterns":null}},"Asset":null,"Patterns":null},"Products":{"Children":{"category.jpg":{"Children":null,"Asset":{"ContentRootIndex":0,"SubPath":"img/Products/category.jpg"},"Patterns":null},"cpu":{"Children":{"ryzen7_1.jpg":{"Children":null,"Asset":{"ContentRootIndex":0,"SubPath":"img/Products/cpu/ryzen7_1.jpg"},"Patterns":null},"ryzen7_2.jpg":{"Children":null,"Asset":{"ContentRootIndex":0,"SubPath":"img/Products/cpu/ryzen7_2.jpg"},"Patterns":null},"ryzen9_1.jpg":{"Children":null,"Asset":{"ContentRootIndex":0,"SubPath":"img/Products/cpu/ryzen9_1.jpg"},"Patterns":null},"ryzen9_2.jpg":{"Children":null,"Asset":{"ContentRootIndex":0,"SubPath":"img/Products/cpu/ryzen9_2.jpg"},"Patterns":null}},"Asset":null,"Patterns":null},"smartphones":{"Children":{"iphone12_1.jpg":{"Children":null,"Asset":{"ContentRootIndex":0,"SubPath":"img/Products/smartphones/iphone12_1.jpg"},"Patterns":null},"iphone12_2.jpg":{"Children":null,"Asset":{"ContentRootIndex":0,"SubPath":"img/Products/smartphones/iphone12_2.jpg"},"Patterns":null},"iphone13_1.jpg":{"Children":null,"Asset":{"ContentRootIndex":0,"SubPath":"img/Products/smartphones/iphone13_1.jpg"},"Patterns":null},"iphone13_2.jpg":{"Children":null,"Asset":{"ContentRootIndex":0,"SubPath":"img/Products/smartphones/iphone13_2.jpg"},"Patterns":null},"iphone13_3.jpg":{"Children":null,"Asset":{"ContentRootIndex":0,"SubPath":"img/Products/smartphones/iphone13_3.jpg"},"Patterns":null},"iphone13_4.jpg":{"Children":null,"Asset":{"ContentRootIndex":0,"SubPath":"img/Products/smartphones/iphone13_4.jpg"},"Patterns":null},"iphone14_1.webp":{"Children":null,"Asset":{"ContentRootIndex":0,"SubPath":"img/Products/smartphones/iphone14_1.webp"},"Patterns":null},"iphone14_2.webp":{"Children":null,"Asset":{"ContentRootIndex":0,"SubPath":"img/Products/smartphones/iphone14_2.webp"},"Patterns":null},"iphone14_3.webp":{"Children":null,"Asset":{"ContentRootIndex":0,"SubPath":"img/Products/smartphones/iphone14_3.webp"},"Patterns":null},"mate50_1.jpg":{"Children":null,"Asset":{"ContentRootIndex":0,"SubPath":"img/Products/smartphones/mate50_1.jpg"},"Patterns":null},"mate50_2.jpg":{"Children":null,"Asset":{"ContentRootIndex":0,"SubPath":"img/Products/smartphones/mate50_2.jpg"},"Patterns":null},"mate50_3.jpg":{"Children":null,"Asset":{"ContentRootIndex":0,"SubPath":"img/Products/smartphones/mate50_3.jpg"},"Patterns":null},"nova10_1.jpg":{"Children":null,"Asset":{"ContentRootIndex":0,"SubPath":"img/Products/smartphones/nova10_1.jpg"},"Patterns":null},"nova10_2.jpg":{"Children":null,"Asset":{"ContentRootIndex":0,"SubPath":"img/Products/smartphones/nova10_2.jpg"},"Patterns":null},"nova10_3.jpg":{"Children":null,"Asset":{"ContentRootIndex":0,"SubPath":"img/Products/smartphones/nova10_3.jpg"},"Patterns":null},"nova9_1.jpg":{"Children":null,"Asset":{"ContentRootIndex":0,"SubPath":"img/Products/smartphones/nova9_1.jpg"},"Patterns":null},"nova9_2.jpg":{"Children":null,"Asset":{"ContentRootIndex":0,"SubPath":"img/Products/smartphones/nova9_2.jpg"},"Patterns":null},"p50p_1.jpg":{"Children":null,"Asset":{"ContentRootIndex":0,"SubPath":"img/Products/smartphones/p50p_1.jpg"},"Patterns":null},"p50p_2.jpg":{"Children":null,"Asset":{"ContentRootIndex":0,"SubPath":"img/Products/smartphones/p50p_2.jpg"},"Patterns":null},"p50p_3.jpg":{"Children":null,"Asset":{"ContentRootIndex":0,"SubPath":"img/Products/smartphones/p50p_3.jpg"},"Patterns":null},"p50p_4.jpg":{"Children":null,"Asset":{"ContentRootIndex":0,"SubPath":"img/Products/smartphones/p50p_4.jpg"},"Patterns":null},"p50_1.webp":{"Children":null,"Asset":{"ContentRootIndex":0,"SubPath":"img/Products/smartphones/p50_1.webp"},"Patterns":null},"p50_2.webp":{"Children":null,"Asset":{"ContentRootIndex":0,"SubPath":"img/Products/smartphones/p50_2.webp"},"Patterns":null},"p50_3.webp":{"Children":null,"Asset":{"ContentRootIndex":0,"SubPath":"img/Products/smartphones/p50_3.webp"},"Patterns":null},"s22u_1.jpg":{"Children":null,"Asset":{"ContentRootIndex":0,"SubPath":"img/Products/smartphones/s22u_1.jpg"},"Patterns":null},"s22u_2.jpg":{"Children":null,"Asset":{"ContentRootIndex":0,"SubPath":"img/Products/smartphones/s22u_2.jpg"},"Patterns":null},"s22u_3.jpg":{"Children":null,"Asset":{"ContentRootIndex":0,"SubPath":"img/Products/smartphones/s22u_3.jpg"},"Patterns":null},"s22_1.webp":{"Children":null,"Asset":{"ContentRootIndex":0,"SubPath":"img/Products/smartphones/s22_1.webp"},"Patterns":null},"s22_2 — копия.webp":{"Children":null,"Asset":{"ContentRootIndex":0,"SubPath":"img/Products/smartphones/s22_2 — копия.webp"},"Patterns":null},"s22_2.webp":{"Children":null,"Asset":{"ContentRootIndex":0,"SubPath":"img/Products/smartphones/s22_2.webp"},"Patterns":null},"s22_3.webp":{"Children":null,"Asset":{"ContentRootIndex":0,"SubPath":"img/Products/smartphones/s22_3.webp"},"Patterns":null},"tabs8_1.webp":{"Children":null,"Asset":{"ContentRootIndex":0,"SubPath":"img/Products/smartphones/tabs8_1.webp"},"Patterns":null},"tabs8_2.webp":{"Children":null,"Asset":{"ContentRootIndex":0,"SubPath":"img/Products/smartphones/tabs8_2.webp"},"Patterns":null},"z3_1.jpg":{"Children":null,"Asset":{"ContentRootIndex":0,"SubPath":"img/Products/smartphones/z3_1.jpg"},"Patterns":null},"z3_2.jpg":{"Children":null,"Asset":{"ContentRootIndex":0,"SubPath":"img/Products/smartphones/z3_2.jpg"},"Patterns":null},"z3_3.jpg":{"Children":null,"Asset":{"ContentRootIndex":0,"SubPath":"img/Products/smartphones/z3_3.jpg"},"Patterns":null},"z3_4.jpg":{"Children":null,"Asset":{"ContentRootIndex":0,"SubPath":"img/Products/smartphones/z3_4.jpg"},"Patterns":null}},"Asset":null,"Patterns":null},"videocards":{"Children":{"rtx3070.jpg":{"Children":null,"Asset":{"ContentRootIndex":0,"SubPath":"img/Products/videocards/rtx3070.jpg"},"Patterns":null}},"Asset":null,"Patterns":null}},"Asset":null,"Patterns":null}},"Asset":null,"Patterns":null},"js":{"Children":{"cart.js":{"Children":null,"Asset":{"ContentRootIndex":0,"SubPath":"js/cart.js"},"Patterns":null},"details.js":{"Children":null,"Asset":{"ContentRootIndex":0,"SubPath":"js/details.js"},"Patterns":null},"index.js":{"Children":null,"Asset":{"ContentRootIndex":0,"SubPath":"js/index.js"},"Patterns":null},"main.js":{"Children":null,"Asset":{"ContentRootIndex":0,"SubPath":"js/main.js"},"Patterns":null},"order.js":{"Children":null,"Asset":{"ContentRootIndex":0,"SubPath":"js/order.js"},"Patterns":null}},"Asset":null,"Patterns":null},"lib":{"Children":{"bootstrap":{"Children":{"dist":{"Children":{"css":{"Children":{"bootstrap-grid.css":{"Children":null,"Asset":{"ContentRootIndex":0,"SubPath":"lib/bootstrap/dist/css/bootstrap-grid.css"},"Patterns":null},"bootstrap-grid.css.map":{"Children":null,"Asset":{"ContentRootIndex":0,"SubPath":"lib/bootstrap/dist/css/bootstrap-grid.css.map"},"Patterns":null},"bootstrap-grid.min.css":{"Children":null,"Asset":{"ContentRootIndex":0,"SubPath":"lib/bootstrap/dist/css/bootstrap-grid.min.css"},"Patterns":null},"bootstrap-grid.min.css.map":{"Children":null,"Asset":{"ContentRootIndex":0,"SubPath":"lib/bootstrap/dist/css/bootstrap-grid.min.css.map"},"Patterns":null},"bootstrap-grid.rtl.css":{"Children":null,"Asset":{"ContentRootIndex":0,"SubPath":"lib/bootstrap/dist/css/bootstrap-grid.rtl.css"},"Patterns":null},"bootstrap-grid.rtl.css.map":{"Children":null,"Asset":{"ContentRootIndex":0,"SubPath":"lib/bootstrap/dist/css/bootstrap-grid.rtl.css.map"},"Patterns":null},"bootstrap-grid.rtl.min.css":{"Children":null,"Asset":{"ContentRootIndex":0,"SubPath":"lib/bootstrap/dist/css/bootstrap-grid.rtl.min.css"},"Patterns":null},"bootstrap-grid.rtl.min.css.map":{"Children":null,"Asset":{"ContentRootIndex":0,"SubPath":"lib/bootstrap/dist/css/bootstrap-grid.rtl.min.css.map"},"Patterns":null},"bootstrap-reboot.css":{"Children":null,"Asset":{"ContentRootIndex":0,"SubPath":"lib/bootstrap/dist/css/bootstrap-reboot.css"},"Patterns":null},"bootstrap-reboot.css.map":{"Children":null,"Asset":{"ContentRootIndex":0,"SubPath":"lib/bootstrap/dist/css/bootstrap-reboot.css.map"},"Patterns":null},"bootstrap-reboot.min.css":{"Children":null,"Asset":{"ContentRootIndex":0,"SubPath":"lib/bootstrap/dist/css/bootstrap-reboot.min.css"},"Patterns":null},"bootstrap-reboot.min.css.map":{"Children":null,"Asset":{"ContentRootIndex":0,"SubPath":"lib/bootstrap/dist/css/bootstrap-reboot.min.css.map"},"Patterns":null},"bootstrap-reboot.rtl.css":{"Children":null,"Asset":{"ContentRootIndex":0,"SubPath":"lib/bootstrap/dist/css/bootstrap-reboot.rtl.css"},"Patterns":null},"bootstrap-reboot.rtl.css.map":{"Children":null,"Asset":{"ContentRootIndex":0,"SubPath":"lib/bootstrap/dist/css/bootstrap-reboot.rtl.css.map"},"Patterns":null},"bootstrap-reboot.rtl.min.css":{"Children":null,"Asset":{"ContentRootIndex":0,"SubPath":"lib/bootstrap/dist/css/bootstrap-reboot.rtl.min.css"},"Patterns":null},"bootstrap-reboot.rtl.min.css.map":{"Children":null,"Asset":{"ContentRootIndex":0,"SubPath":"lib/bootstrap/dist/css/bootstrap-reboot.rtl.min.css.map"},"Patterns":null},"bootstrap-utilities.css":{"Children":null,"Asset":{"ContentRootIndex":0,"SubPath":"lib/bootstrap/dist/css/bootstrap-utilities.css"},"Patterns":null},"bootstrap-utilities.css.map":{"Children":null,"Asset":{"ContentRootIndex":0,"SubPath":"lib/bootstrap/dist/css/bootstrap-utilities.css.map"},"Patterns":null},"bootstrap-utilities.min.css":{"Children":null,"Asset":{"ContentRootIndex":0,"SubPath":"lib/bootstrap/dist/css/bootstrap-utilities.min.css"},"Patterns":null},"bootstrap-utilities.min.css.map":{"Children":null,"Asset":{"ContentRootIndex":0,"SubPath":"lib/bootstrap/dist/css/bootstrap-utilities.min.css.map"},"Patterns":null},"bootstrap-utilities.rtl.css":{"Children":null,"Asset":{"ContentRootIndex":0,"SubPath":"lib/bootstrap/dist/css/bootstrap-utilities.rtl.css"},"Patterns":null},"bootstrap-utilities.rtl.css.map":{"Children":null,"Asset":{"ContentRootIndex":0,"SubPath":"lib/bootstrap/dist/css/bootstrap-utilities.rtl.css.map"},"Patterns":null},"bootstrap-utilities.rtl.min.css":{"Children":null,"Asset":{"ContentRootIndex":0,"SubPath":"lib/bootstrap/dist/css/bootstrap-utilities.rtl.min.css"},"Patterns":null},"bootstrap-utilities.rtl.min.css.map":{"Children":null,"Asset":{"ContentRootIndex":0,"SubPath":"lib/bootstrap/dist/css/bootstrap-utilities.rtl.min.css.map"},"Patterns":null},"bootstrap.css":{"Children":null,"Asset":{"ContentRootIndex":0,"SubPath":"lib/bootstrap/dist/css/bootstrap.css"},"Patterns":null},"bootstrap.css.map":{"Children":null,"Asset":{"ContentRootIndex":0,"SubPath":"lib/bootstrap/dist/css/bootstrap.css.map"},"Patterns":null},"bootstrap.min.css":{"Children":null,"Asset":{"ContentRootIndex":0,"SubPath":"lib/bootstrap/dist/css/bootstrap.min.css"},"Patterns":null},"bootstrap.min.css.map":{"Children":null,"Asset":{"ContentRootIndex":0,"SubPath":"lib/bootstrap/dist/css/bootstrap.min.css.map"},"Patterns":null},"bootstrap.rtl.css":{"Children":null,"Asset":{"ContentRootIndex":0,"SubPath":"lib/bootstrap/dist/css/bootstrap.rtl.css"},"Patterns":null},"bootstrap.rtl.css.map":{"Children":null,"Asset":{"ContentRootIndex":0,"SubPath":"lib/bootstrap/dist/css/bootstrap.rtl.css.map"},"Patterns":null},"bootstrap.rtl.min.css":{"Children":null,"Asset":{"ContentRootIndex":0,"SubPath":"lib/bootstrap/dist/css/bootstrap.rtl.min.css"},"Patterns":null},"bootstrap.rtl.min.css.map":{"Children":null,"Asset":{"ContentRootIndex":0,"SubPath":"lib/bootstrap/dist/css/bootstrap.rtl.min.css.map"},"Patterns":null}},"Asset":null,"Patterns":null},"js":{"Children":{"bootstrap.bundle.js":{"Children":null,"Asset":{"ContentRootIndex":0,"SubPath":"lib/bootstrap/dist/js/bootstrap.bundle.js"},"Patterns":null},"bootstrap.bundle.js.map":{"Children":null,"Asset":{"ContentRootIndex":0,"SubPath":"lib/bootstrap/dist/js/bootstrap.bundle.js.map"},"Patterns":null},"bootstrap.bundle.min.js":{"Children":null,"Asset":{"ContentRootIndex":0,"SubPath":"lib/bootstrap/dist/js/bootstrap.bundle.min.js"},"Patterns":null},"bootstrap.bundle.min.js.map":{"Children":null,"Asset":{"ContentRootIndex":0,"SubPath":"lib/bootstrap/dist/js/bootstrap.bundle.min.js.map"},"Patterns":null},"bootstrap.esm.js":{"Children":null,"Asset":{"ContentRootIndex":0,"SubPath":"lib/bootstrap/dist/js/bootstrap.esm.js"},"Patterns":null},"bootstrap.esm.js.map":{"Children":null,"Asset":{"ContentRootIndex":0,"SubPath":"lib/bootstrap/dist/js/bootstrap.esm.js.map"},"Patterns":null},"bootstrap.esm.min.js":{"Children":null,"Asset":{"ContentRootIndex":0,"SubPath":"lib/bootstrap/dist/js/bootstrap.esm.min.js"},"Patterns":null},"bootstrap.esm.min.js.map":{"Children":null,"Asset":{"ContentRootIndex":0,"SubPath":"lib/bootstrap/dist/js/bootstrap.esm.min.js.map"},"Patterns":null},"bootstrap.js":{"Children":null,"Asset":{"ContentRootIndex":0,"SubPath":"lib/bootstrap/dist/js/bootstrap.js"},"Patterns":null},"bootstrap.js.map":{"Children":null,"Asset":{"ContentRootIndex":0,"SubPath":"lib/bootstrap/dist/js/bootstrap.js.map"},"Patterns":null},"bootstrap.min.js":{"Children":null,"Asset":{"ContentRootIndex":0,"SubPath":"lib/bootstrap/dist/js/bootstrap.min.js"},"Patterns":null},"bootstrap.min.js.map":{"Children":null,"Asset":{"ContentRootIndex":0,"SubPath":"lib/bootstrap/dist/js/bootstrap.min.js.map"},"Patterns":null}},"Asset":null,"Patterns":null}},"Asset":null,"Patterns":null},"LICENSE":{"Children":null,"Asset":{"ContentRootIndex":0,"SubPath":"lib/bootstrap/LICENSE"},"Patterns":null}},"Asset":null,"Patterns":null},"jquery-validation-unobtrusive":{"Children":{"jquery.validate.unobtrusive.js":{"Children":null,"Asset":{"ContentRootIndex":0,"SubPath":"lib/jquery-validation-unobtrusive/jquery.validate.unobtrusive.js"},"Patterns":null},"jquery.validate.unobtrusive.min.js":{"Children":null,"Asset":{"ContentRootIndex":0,"SubPath":"lib/jquery-validation-unobtrusive/jquery.validate.unobtrusive.min.js"},"Patterns":null},"LICENSE.txt":{"Children":null,"Asset":{"ContentRootIndex":0,"SubPath":"lib/jquery-validation-unobtrusive/LICENSE.txt"},"Patterns":null}},"Asset":null,"Patterns":null},"jquery-validation":{"Children":{"dist":{"Children":{"additional-methods.js":{"Children":null,"Asset":{"ContentRootIndex":0,"SubPath":"lib/jquery-validation/dist/additional-methods.js"},"Patterns":null},"additional-methods.min.js":{"Children":null,"Asset":{"ContentRootIndex":0,"SubPath":"lib/jquery-validation/dist/additional-methods.min.js"},"Patterns":null},"jquery.validate.js":{"Children":null,"Asset":{"ContentRootIndex":0,"SubPath":"lib/jquery-validation/dist/jquery.validate.js"},"Patterns":null},"jquery.validate.min.js":{"Children":null,"Asset":{"ContentRootIndex":0,"SubPath":"lib/jquery-validation/dist/jquery.validate.min.js"},"Patterns":null}},"Asset":null,"Patterns":null},"LICENSE.md":{"Children":null,"Asset":{"ContentRootIndex":0,"SubPath":"lib/jquery-validation/LICENSE.md"},"Patterns":null}},"Asset":null,"Patterns":null},"jquery":{"Children":{"dist":{"Children":{"jquery.js":{"Children":null,"Asset":{"ContentRootIndex":0,"SubPath":"lib/jquery/dist/jquery.js"},"Patterns":null},"jquery.min.js":{"Children":null,"Asset":{"ContentRootIndex":0,"SubPath":"lib/jquery/dist/jquery.min.js"},"Patterns":null},"jquery.min.map":{"Children":null,"Asset":{"ContentRootIndex":0,"SubPath":"lib/jquery/dist/jquery.min.map"},"Patterns":null}},"Asset":null,"Patterns":null},"LICENSE.txt":{"Children":null,"Asset":{"ContentRootIndex":0,"SubPath":"lib/jquery/LICENSE.txt"},"Patterns":null}},"Asset":null,"Patterns":null}},"Asset":null,"Patterns":null},"ItVisShop.styles.css":{"Children":null,"Asset":{"ContentRootIndex":1,"SubPath":"ItVisShop.styles.css"},"Patterns":null}},"Asset":null,"Patterns":[{"ContentRootIndex":0,"Pattern":"**","Depth":0}]}}